{
    "train": {
        "loss": 754.4052812025282,
        "acc": 0.984072208404541
    },
    "eval": {
        "eval_global_acc": 95.08026929052305,
        "eval_loss": 975.9776000976562,
        "micro_f1_score": 0.9508026929052305,
        "macro_f1_score": 0.8772231462570592
    }
}